<?xml version="1.0" encoding="UTF-8"?>
<web-app id="WebApp_ID" version="2.4" xmlns="http://java.sun.com/xml/ns/j2ee" xmlns:xsi="http://www.w3.org/2001/XMLSchema-instance" xsi:schemaLocation="http://java.sun.com/xml/ns/j2ee http://java.sun.com/xml/ns/j2ee/web-app_2_4.xsd">
	<display-name>jetset Gatekeeper</display-name>

	<servlet>
		<description>
		</description>
		<display-name>GatekeeperServlet</display-name>
		<servlet-name>GatekeeperServlet</servlet-name>
		<servlet-class>org.jets3t.servlets.gatekeeper.GatekeeperServlet</servlet-class>
		
		<!-- Implementation configuration for GatekeeperServlet -->
		<init-param>
			<param-name>TransactionIdProviderClass</param-name>
			<param-value>org.jets3t.servlets.gatekeeper.impl.DefaultTransactionIdProvider</param-value>
		</init-param>		
		<init-param>
			<param-name>AuthorizerClass</param-name>
			<param-value>org.jets3t.servlets.gatekeeper.impl.DefaultAuthorizer</param-value>
		</init-param>		
		<init-param>
			<param-name>UrlSignerClass</param-name>
			<param-value>org.jets3t.servlets.gatekeeper.impl.DefaultUrlSigner</param-value>
		</init-param>		
		<init-param>
			<param-name>BucketListerClass</param-name>
			<param-value>org.jets3t.servlets.gatekeeper.impl.DefaultBucketLister</param-value>
		</init-param>		

		<!-- Required parameters for default implementations -->
		<init-param>
			<param-name>AwsAccessKey</param-name>
			<param-value>YOUR_AWS_ACCESS_KEY</param-value>
		</init-param>
		<init-param>
			<param-name>AwsSecretKey</param-name>
			<param-value>YOUR_AWS_SECRET_KEY</param-value>
		</init-param>
		<init-param>
			<param-name>S3BucketName</param-name>
			<param-value>YOUR_BUCKET_NAME</param-value>
		</init-param>
		<init-param>
			<param-name>SecondsToSign</param-name>
			<param-value>180</param-value>
		</init-param>
		
	</servlet>

	<servlet-mapping>
		<servlet-name>GatekeeperServlet</servlet-name>
		<url-pattern>/GatekeeperServlet</url-pattern>
	</servlet-mapping>
	
	<!-- 
		Example BASIC Authentication security settings to require login before the 
		Gatekeeper is accessible. To apply these settings, comment them in and 
		configure your servlet engine with username/password logins for the 
		"gatekeeper" and "gatekeeper-admin" roles.
	-->
	<!-- 
	<security-constraint>
	  <display-name>Gatekeeper Authorization</display-name>
	  
	  <web-resource-collection>
		 <web-resource-name>Protected Area</web-resource-name>
		 <url-pattern>/*</url-pattern>
	  </web-resource-collection>
	  
	  <auth-constraint>
		 <role-name>gatekeeper</role-name>
		 <role-name>gatekeeper-admin</role-name>
	  </auth-constraint>
	</security-constraint>
	
	<login-config>
	  <auth-method>BASIC</auth-method>
	  <realm-name>Gatekeeper Authorization Required</realm-name>
	</login-config>
	
	<security-role>
	  <role-name>gatekeeper</role-name>
	  <role-name>gatekeeper-admin</role-name>
	</security-role>
	-->	

</web-app>
